{"cameraMode":{"drawMode":0,"name":"Shaded","section":"Shading Mode"},"sceneLighting":false,"audioPlay":false,"sceneViewState":{"showFog":true,"showMaterialUpdate":false,"showSkybox":false,"showFlares":true,"showImageEffects":true,"showParticleSystems":true},"in2DMode":false,"pivot":{"x":0.012499988079071045,"y":3.168750047683716,"z":89.74874877929688},"rotation":{"x":0.075948067009449,"y":-0.06666101515293122,"z":-0.005079616326838732,"w":-0.9948794841766357},"size":0.511813759803772,"orthographic":false}