{"cameraMode":{"drawMode":0,"name":"Shaded","section":"Shading Mode"},"sceneLighting":true,"audioPlay":false,"sceneViewState":{"m_AlwaysRefresh":false,"showFog":true,"showSkybox":true,"showFlares":true,"showImageEffects":true,"showParticleSystems":true,"showVisualEffectGraphs":true,"m_FxEnabled":false},"in2DMode":false,"pivot":{"x":-1.9276646375656129,"y":-0.8368474841117859,"z":90.01363372802735},"rotation":{"x":0.005689896177500486,"y":0.011097349226474762,"z":0.00006514154665637761,"w":-0.9999328851699829},"size":4.566417694091797,"orthographic":false}