{"cameraMode":{"drawMode":0,"name":"Shaded","section":"Shading Mode"},"sceneLighting":true,"audioPlay":false,"sceneViewState":{"m_AlwaysRefresh":false,"showFog":true,"showSkybox":true,"showFlares":true,"showImageEffects":true,"showParticleSystems":true,"showVisualEffectGraphs":true,"m_FxEnabled":false},"in2DMode":false,"pivot":{"x":-0.6502240896224976,"y":1.7159676551818848,"z":93.44232177734375},"rotation":{"x":-0.0011900726240128279,"y":-0.008690089918673039,"z":-0.000016291403881041333,"w":0.9999780058860779},"size":5.468469619750977,"orthographic":false}